"","term","estimate","std.error","statistic","p.value","conf.low","conf.high"
"1","(Intercept)",0.211879097050835,0.267776811043369,-5.79489858690554,6.83624780153285e-09,0.124369001114556,0.355663272683624
"2","age",1.00373038479545,0.00590956121640028,0.63007117266445,0.528648019424149,0.992176210552011,1.01545235024618
"3","sexMale",0.99531684458193,0.160357350104862,-0.0292730937804973,0.976646785756011,0.725600917078998,1.36142349627977
